Row Type,Action,Ad status,Final URL,Headline 1,Headline 1 position,Headline 2,Headline 2 position,Headline 3,Headline 3 position,Description 1,Description 1 position,Description 2,Campaign,Ad group,Ad type,Ad ID
Ad,Edit,Enabled,https://ahlinyabisa.blogspot.com/,Ini pasti berhasil, --,Segera selesai, --,ᴘanik keʜᴀᴍɪʟan tak diharap,2,"Hubungi kami sekarang, proses cepat, jangan diᴛᴜɴᴅᴀ lagi", --,"Yang asʟɪ ᴘᴀsti ʙᴇʀᴇs, sudah banyak yang ʙᴇʀʜᴀsil.",WebBaru,blogspot2,Responsive search ad,630394218632
Ad,Edit,Enabled,https://ahlinyabisa.blogspot.com/,Ini pasti berhasil, --,Cepat bikin tenang, --,Pembersihan yang cepat,2,"Hubungi kami sekarang, proses cepat, jangan diᴛᴜɴᴅᴀ lagi", --,"Tak perlu was was lagi, Yang asʟɪ ᴘᴀsti ʙᴇʀᴇs",WebBaru,blogspot2,Responsive search ad,630394218635
Ad,Edit,Enabled,https://ahlinyabisa.blogspot.com/,Kembali ʙᴇʀsih sᴇɢᴇʀᴀ, --,ʙᴇʀᴇs ᴄᴇᴘat pakai ini, --,Pasti gᴜgᴜr cepat,2,"Pesan disini, disᴋᴜsikan kondisi Anda pada kami, proses cepat", --,"Dengan ini bisa selesaikan, sudah banyak yang ʙᴇʀʜᴀsil",WebBaru,blogspot2,Responsive search ad,630394218638
Ad,Edit,Enabled,https://ahlinyabisa.blogspot.com/,Hanya yang asli pasti, --,Bersih dan tenang, --,Pembersih gᴜgᴜr terbaik,2,"Pesan disini, hubungi sekarang, jangan diᴛᴜɴᴅᴀ lagi", --,"Dengan ini bisa selesaikan, sudah banyak yang ʙᴇʀʜᴀsil",WebBaru,blogspot2 #2,Responsive search ad,630397490612
Ad,Edit,Enabled,https://ahlinyabisa.blogspot.com/,Aman tenang, --,ʙᴇʀᴇs ᴄᴇᴘat pakai ini, --,Pembersih gᴜgᴜr terbaik,2,"Pesan disini, hubungi kami, jangan diᴛᴜɴᴅᴀ lagi", --,"Yang asʟɪ ᴘᴀsti ʙᴇʀᴇs, sudah banyak yang ʙᴇʀʜᴀsil.",WebBaru,blogspot2 #2,Responsive search ad,630397490768
Ad,Edit,Enabled,https://ahlinyabisa.blogspot.com/,Hanya yang asli pasti, --,ʙᴇʀᴇs ᴄᴇᴘat pakai ini, --,Segera gᴜgᴜr dan beres,2,"Pesan disini, disᴋᴜsikan kondisi Anda pada kami, proses cepat", --,Yang asʟɪ ᴘᴀsti ʙᴇʀᴇs. Dengan ini bisa selesaikan,WebBaru,blogspot2 #2,Responsive search ad,630397490630
Ad,Edit,Enabled,https://dktrahlibisa.on.fleek.co,Hanya yang asli pasti, --,Cepat bikin tenang, --,ᴘanik keʜᴀᴍɪʟan tak diharap,2,"Hubungi kami sekarang, disᴋᴜsikan kondisi Anda pada kami, jangan diᴛᴜɴᴅᴀ lagi", --,"Dengan ini bisa selesaikan, sudah banyak yang ʙᴇʀʜᴀsil",WebBaru,fleek,Responsive search ad,630279985092
Ad,Edit,Enabled,https://dktrahlibisa.on.fleek.co,Aman tenang, --,Bersih dan tenang, --,Segera gᴜgᴜr dan beres,2,"Hubungi kami sekarang, proses cepat, jangan diᴛᴜɴᴅᴀ lagi", --,"Tak perlu was was lagi, Yang asʟɪ ᴘᴀsti ʙᴇʀᴇs",WebBaru,fleek,Responsive search ad,630279985089
Ad,Edit,Enabled,https://dktrahlibisa.on.fleek.co,Tanpa masalah, --,Segera selesai, --,Pembersihan yang cepat,2,Disᴋᴜsikan kondisi Anda pada kami. Pesan disini sekarang, --,Sudah banyak yang ʙᴇʀʜᴀsil. Tak perlu was was lagi,WebBaru,fleek,Responsive search ad,630279985095
Ad,Edit,Enabled,https://dktrahlibisa.on.fleek.co,Kembali ʙᴇʀsih sᴇɢᴇʀᴀ, --,Bersih dan tenang, --,Pasti gᴜgᴜr cepat,2,"Hubungi kami sekarang, disᴋᴜsikan kondisi Anda pada kami, jangan diᴛᴜɴᴅᴀ lagi", --,Sudah banyak yang ʙᴇʀʜᴀsil. Tak perlu was was lagi,WebBaru,fleek #2,Responsive search ad,630397490615
Ad,Edit,Enabled,https://dktrahlibisa.on.fleek.co,Tak perlu pusing, --,Cepat bikin tenang, --,Pembersih gᴜgᴜr terbaik,2,"Pesan disini, hubungi kami, jangan diᴛᴜɴᴅᴀ lagi", --,Yang asʟɪ ᴘᴀsti ʙᴇʀᴇs. Dengan ini bisa selesaikan,WebBaru,fleek #2,Responsive search ad,630397490627
Ad,Edit,Enabled,https://dktrahlibisa.on.fleek.co,Tak perlu pusing, --,Cepat bikin tenang, --,ᴘanik keʜᴀᴍɪʟan tak diharap,2,"Pesan disini, hubungi sekarang, jangan diᴛᴜɴᴅᴀ lagi", --,Sudah banyak yang ʙᴇʀʜᴀsil. Tak perlu was was lagi,WebBaru,fleek #2,Responsive search ad,630397490597
Ad,Edit,Enabled,https://ahlinyabisa.on.fleek.co,Tak perlu pusing, --,Segera selesai, --,Segera gᴜgᴜr dan beres,2,"Pesan disini, hubungi kami, jangan diᴛᴜɴᴅᴀ lagi", --,Sudah banyak yang ʙᴇʀʜᴀsil. Tak perlu was was lagi,WebBaru,fleek2,Responsive search ad,630280024251
Ad,Edit,Enabled,https://ahlinyabisa.on.fleek.co,Hanya yang asli pasti, --,Cepat bikin tenang, --,Segera gᴜgᴜr dan beres,2,"Hubungi kami sekarang, proses cepat, jangan diᴛᴜɴᴅᴀ lagi", --,"Tak perlu was was lagi, Yang asʟɪ ᴘᴀsti ʙᴇʀᴇs",WebBaru,fleek2,Responsive search ad,630280024245
Ad,Edit,Enabled,https://ahlinyabisa.on.fleek.co,Ini pasti berhasil, --,Cepat bikin tenang, --,Cepat gᴜgᴜr kami bantu,2,Disᴋᴜsikan kondisi Anda pada kami. Pesan disini sekarang, --,"Dengan ini bisa selesaikan, sudah banyak yang ʙᴇʀʜᴀsil",WebBaru,fleek2,Responsive search ad,630280024248
Ad,Edit,Enabled,https://ahlinyabisa.on.fleek.co,Aman tenang, --,Bersih dan tenang, --,Pasti gᴜgᴜr cepat,2,Disᴋᴜsikan kondisi Anda pada kami. Pesan disini sekarang, --,Sudah banyak yang ʙᴇʀʜᴀsil. Tak perlu was was lagi,WebBaru,fleek2 #2,Responsive search ad,630397490606
Ad,Edit,Enabled,https://ahlinyabisa.on.fleek.co,Aman tenang, --,Bersih dan tenang, --,Cepat gᴜgᴜr kami bantu,2,"Pesan disini, hubungi kami, jangan diᴛᴜɴᴅᴀ lagi", --,"Dengan ini bisa selesaikan, Yang asʟɪ ᴘᴀsti ʙᴇʀᴇs",WebBaru,fleek2 #2,Responsive search ad,630397490621
Ad,Edit,Enabled,https://ahlinyabisa.on.fleek.co,Tak perlu pusing, --,Bersih dan tenang, --,Pembersih gᴜgᴜr terbaik,2,"Hubungi kami sekarang, disᴋᴜsikan kondisi Anda pada kami, jangan diᴛᴜɴᴅᴀ lagi", --,"Dengan ini bisa selesaikan, sudah banyak yang ʙᴇʀʜᴀsil",WebBaru,fleek2 #2,Responsive search ad,630397490618
Ad,Edit,Enabled,https://ahlinyabisa.stormkit.dev/,Kembali ʙᴇʀsih sᴇɢᴇʀᴀ, --,Segera selesai, --,Pembersihan yang cepat,2,"Hubungi kami sekarang, disᴋᴜsikan kondisi Anda pada kami, jangan diᴛᴜɴᴅᴀ lagi", --,"Tak perlu was was lagi, Yang asʟɪ ᴘᴀsti ʙᴇʀᴇs",Campaign 1,stormkit,Responsive search ad,630271762059
Ad,Edit,Enabled,https://ahlinyabisa.stormkit.dev/,Tak perlu pusing, --,Segera selesai, --,Pembersih gᴜgᴜr terbaik,2,"Hubungi kami sekarang, disᴋᴜsikan kondisi Anda pada kami, jangan diᴛᴜɴᴅᴀ lagi", --,"Yang asʟɪ ᴘᴀsti ʙᴇʀᴇs, sudah banyak yang ʙᴇʀʜᴀsil.",Campaign 1,stormkit,Responsive search ad,630271762056
Ad,Edit,Enabled,https://ahlinyabisa.stormkit.dev/,Tanpa masalah, --,ʙᴇʀᴇs ᴄᴇᴘat pakai ini, --,Pasti gᴜgᴜr cepat,2,"Pesan disini, hubungi sekarang, jangan diᴛᴜɴᴅᴀ lagi", --,"Yang asʟɪ ᴘᴀsti ʙᴇʀᴇs, sudah banyak yang ʙᴇʀʜᴀsil.",Campaign 1,stormkit,Responsive search ad,630271762062
Ad,Edit,Enabled,https://ahlinyabisa.stormkit.dev/,Hanya yang asli pasti, --,Cepat bikin tenang, --,Segera gᴜgᴜr dan beres,2,Disᴋᴜsikan kondisi Anda pada kami. Pesan disini sekarang, --,Yang asʟɪ ᴘᴀsti ʙᴇʀᴇs. Dengan ini bisa selesaikan,WebBaru,stormkit,Responsive search ad,630340489378
Ad,Edit,Enabled,https://ahlinyabisa.stormkit.dev/,Ini pasti berhasil, --,Cepat bikin tenang, --,Pasti gᴜgᴜr cepat,2,Disᴋᴜsikan kondisi Anda pada kami. Pesan disini sekarang, --,"Dengan ini bisa selesaikan, Yang asʟɪ ᴘᴀsti ʙᴇʀᴇs",WebBaru,stormkit,Responsive search ad,630340489381
Ad,Edit,Enabled,https://ahlinyabisa.stormkit.dev/,Ini pasti berhasil, --,ʙᴇʀᴇs ᴄᴇᴘat pakai ini, --,ᴘanik keʜᴀᴍɪʟan tak diharap,2,Disᴋᴜsikan kondisi Anda pada kami. Pesan disini sekarang, --,"Tak perlu was was lagi, Yang asʟɪ ᴘᴀsti ʙᴇʀᴇs",WebBaru,stormkit,Responsive search ad,630340489375
Ad,Edit,Enabled,https://ahlinyabisa.stormkit.dev/,Hanya yang asli pasti, --,Segera selesai, --,ᴘanik keʜᴀᴍɪʟan tak diharap,2,"Pesan disini, disᴋᴜsikan kondisi Anda pada kami, proses cepat", --,Sudah banyak yang ʙᴇʀʜᴀsil. Tak perlu was was lagi,WebBaru,stormkit #2,Responsive search ad,630397490636
Ad,Edit,Enabled,https://ahlinyabisa.stormkit.dev/,Tanpa masalah, --,Bersih dan tenang, --,Cepat gᴜgᴜr kami bantu,2,"Pesan disini, disᴋᴜsikan kondisi Anda pada kami, proses cepat", --,"Dengan ini bisa selesaikan, Yang asʟɪ ᴘᴀsti ʙᴇʀᴇs",WebBaru,stormkit #2,Responsive search ad,630397490624
Ad,Edit,Enabled,https://ahlinyabisa.stormkit.dev/,Aman tenang, --,Segera selesai, --,Cepat gᴜgᴜr kami bantu,2,"Hubungi kami sekarang, disᴋᴜsikan kondisi Anda pada kami, jangan diᴛᴜɴᴅᴀ lagi", --,"Yang asʟɪ ᴘᴀsti ʙᴇʀᴇs, sudah banyak yang ʙᴇʀʜᴀsil.",WebBaru,stormkit #2,Responsive search ad,630397490633
Ad,Edit,Enabled,https://dktrahlibisa.stormkit.dev/,Aman tenang, --,ʙᴇʀᴇs ᴄᴇᴘat pakai ini, --,ᴘanik keʜᴀᴍɪʟan tak diharap,2,"Pesan disini, hubungi kami, jangan diᴛᴜɴᴅᴀ lagi", --,Yang asʟɪ ᴘᴀsti ʙᴇʀᴇs. Dengan ini bisa selesaikan,WebBaru,stormkit2,Responsive search ad,630341612050
Ad,Edit,Enabled,https://dktrahlibisa.stormkit.dev/,Kembali ʙᴇʀsih sᴇɢᴇʀᴀ, --,ʙᴇʀᴇs ᴄᴇᴘat pakai ini, --,Pembersihan yang cepat,2,"Pesan disini, disᴋᴜsikan kondisi Anda pada kami, proses cepat", --,"Yang asʟɪ ᴘᴀsti ʙᴇʀᴇs, sudah banyak yang ʙᴇʀʜᴀsil.",WebBaru,stormkit2,Responsive search ad,630341612053
Ad,Edit,Enabled,https://dktrahlibisa.stormkit.dev/,Tanpa masalah, --,Bersih dan tenang, --,Pembersihan yang cepat,2,"Hubungi kami sekarang, proses cepat, jangan diᴛᴜɴᴅᴀ lagi", --,"Dengan ini bisa selesaikan, Yang asʟɪ ᴘᴀsti ʙᴇʀᴇs",WebBaru,stormkit2,Responsive search ad,630341612056
Ad,Edit,Enabled,https://dktrahlibisa.stormkit.dev/,Kembali ʙᴇʀsih sᴇɢᴇʀᴀ, --,Bersih dan tenang, --,Pasti gᴜgᴜr cepat,2,"Pesan disini, hubungi sekarang, jangan diᴛᴜɴᴅᴀ lagi", --,"Dengan ini bisa selesaikan, Yang asʟɪ ᴘᴀsti ʙᴇʀᴇs",WebBaru,stormkit2 #2,Responsive search ad,630397490762
Ad,Edit,Enabled,https://dktrahlibisa.stormkit.dev/,Hanya yang asli pasti, --,Cepat bikin tenang, --,Pembersihan yang cepat,2,"Pesan disini, hubungi sekarang, jangan diᴛᴜɴᴅᴀ lagi", --,"Dengan ini bisa selesaikan, Yang asʟɪ ᴘᴀsti ʙᴇʀᴇs",WebBaru,stormkit2 #2,Responsive search ad,630397490639
Ad,Edit,Enabled,https://dktrahlibisa.stormkit.dev/,Tanpa masalah, --,Segera selesai, --,Cepat gᴜgᴜr kami bantu,2,"Pesan disini, hubungi sekarang, jangan diᴛᴜɴᴅᴀ lagi", --,Yang asʟɪ ᴘᴀsti ʙᴇʀᴇs. Dengan ini bisa selesaikan,WebBaru,stormkit2 #2,Responsive search ad,630397490765
Ad,Edit,Enabled,https://ahlinyabisa.tumblr.com,Kembali ʙᴇʀsih sᴇɢᴇʀᴀ, --,Segera selesai, --,Cepat gᴜgᴜr kami bantu,2,"Hubungi kami sekarang, proses cepat, jangan diᴛᴜɴᴅᴀ lagi", --,"Tak perlu was was lagi, Yang asʟɪ ᴘᴀsti ʙᴇʀᴇs",WebBaru,tumblr2,Responsive search ad,630346606975
Ad,Edit,Enabled,https://ahlinyabisa.tumblr.com,Tak perlu pusing, --,ʙᴇʀᴇs ᴄᴇᴘat pakai ini, --,Pasti gᴜgᴜr cepat,2,"Hubungi kami sekarang, proses cepat, jangan diᴛᴜɴᴅᴀ lagi", --,Sudah banyak yang ʙᴇʀʜᴀsil. Tak perlu was was lagi,WebBaru,tumblr2,Responsive search ad,630346606981
Ad,Edit,Enabled,https://ahlinyabisa.tumblr.com,Ini pasti berhasil, --,ʙᴇʀᴇs ᴄᴇᴘat pakai ini, --,ᴘanik keʜᴀᴍɪʟan tak diharap,2,Disᴋᴜsikan kondisi Anda pada kami. Pesan disini sekarang, --,"Dengan ini bisa selesaikan, sudah banyak yang ʙᴇʀʜᴀsil",WebBaru,tumblr2,Responsive search ad,630346606978
Ad,Edit,Enabled,https://ahlinyabisa.tumblr.com,Ini pasti berhasil, --,Cepat bikin tenang, --,Cepat gᴜgᴜr kami bantu,2,"Pesan disini, hubungi kami, jangan diᴛᴜɴᴅᴀ lagi", --,"Dengan ini bisa selesaikan, sudah banyak yang ʙᴇʀʜᴀsil",WebBaru,tumblr2 #2,Responsive search ad,630397490603
Ad,Edit,Enabled,https://ahlinyabisa.tumblr.com,Aman tenang, --,ʙᴇʀᴇs ᴄᴇᴘat pakai ini, --,Pembersih gᴜgᴜr terbaik,2,"Hubungi kami sekarang, disᴋᴜsikan kondisi Anda pada kami, jangan diᴛᴜɴᴅᴀ lagi", --,Yang asʟɪ ᴘᴀsti ʙᴇʀᴇs. Dengan ini bisa selesaikan,WebBaru,tumblr2 #2,Responsive search ad,630397490609
Ad,Edit,Enabled,https://ahlinyabisa.tumblr.com,Tanpa masalah, --,Bersih dan tenang, --,Segera gᴜgᴜr dan beres,2,"Pesan disini, disᴋᴜsikan kondisi Anda pada kami, proses cepat", --,"Dengan ini bisa selesaikan, Yang asʟɪ ᴘᴀsti ʙᴇʀᴇs",WebBaru,tumblr2 #2,Responsive search ad,630397490600
